{"type": "block", "layer": 0, "block": 0, "features": [{"geom": {"polygons": [[[[41.90983226976823, 63.4115823591128], [48.76711290271487, 46.24153040908277], [6.677213433780707, 30.11723033338785], [-30.05821852805093, 19.811862117610872], [-32.29574029298965, 31.753271935507655], [-37.87284678174183, 30.994283522479236], [-38.34038864308968, 33.84470702242106], [-32.7632821543375, 34.721760598011315], [-34.154775789240375, 43.171839121729136], [-22.399437561514787, 46.42706123739481], [-24.90412610443309, 55.56867612991482], [-34.97854002111126, 53.59530086442828], [-36.21418636885937, 62.48392640519887], [-36.61493653582875, 65.35122695285827], [-38.11774966144003, 76.09517938271165], [26.82604126725346, 84.68023120518774], [26.95962465624325, 83.12851196154952], [34.58500977559015, 84.17423576768488], [39.01552550913766, 72.51948255859315], [26.380763304186985, 68.70765647292137], [28.76300040713977, 59.903356741182506], [41.90983226976823, 63.4115823591128]], [[16.451064725290053, 65.57049115281552], [-13.783308974001557, 58.11551155149937], [-11.389939922024496, 49.294356361962855], [18.610662846826017, 57.35652078315616], [16.451064725290053, 65.57049115281552]]]], "centroids": [[1.3302625069627538, 54.820557803846896, 0.0]], "h": 15.0}, "mtl": {"face": 0, "edge": 1}}, {"geom": {"polygons": [[[[137.6891221483238, -14.156971703283489], [80.47090388066135, -35.577169434167445], [85.48028096626513, -48.73285463731736], [70.5634692000458, -55.14202722348273], [66.08842567005195, -40.82257969491184], [62.75997289537918, -31.96778556983918], [60.21075655624736, -24.614082858897746], [71.05327495955862, -20.330042105168104], [106.6309842170449, -7.073114893399179], [112.86487570148893, -4.711827976629138], [104.84987236431334, 17.720430488698184], [103.40271898393985, 21.768363140523434], [80.02562591747846, 12.323189954273403], [81.47277929773554, 8.275261805392802], [82.8086131871678, 4.901989823207259], [71.34270563547034, 0.6854017283767462], [60.054909269092605, 31.90506962593645], [71.45402512629516, 35.93614262342453], [73.23513697902672, 31.55087501835078], [74.90492934093345, 27.502937702462077], [98.17070291668642, 36.44213518407196], [96.61223004560452, 40.658741038292646], [88.70854619925376, 62.41646052338183], [82.58597420575097, 60.055154936388135], [76.686041193665, 58.031179239973426], [78.13319457392208, 53.98322929814458], [73.01249799749348, 52.29658405855298], [71.23138614476193, 56.681862379424274], [59.654159102239646, 52.29658405855298], [53.97686507180333, 68.31972736306489], [102.40084356698208, 86.5355480639264], [118.31953075027559, 41.670726753771305], [118.98744769499172, 41.670726753771305], [129.6295910149347, 9.894432832486928], [137.6891221483238, -14.156971703283489]]]], "centroids": [[94.8934561740607, 19.536169635131955, 0.0]], "h": 11.0}, "mtl": {"face": 2, "edge": 1}}, {"geom": {"polygons": [[[[-89.73659754230175, 6.082634863443673], [-92.25241803424433, 34.4012987036258], [-89.39150712091941, 34.704894182272255], [-91.68468863121234, 56.42886549048126], [-92.67543209926225, 66.6162127982825], [-91.2171467699809, 66.80174406990409], [-89.91470872762147, 66.95354238711298], [-90.1484796582954, 69.01125317718834], [-44.24032165517565, 75.31932050921023], [-42.704112682142295, 64.4235707866028], [-42.258834718959406, 61.55627055373043], [-36.28097806335427, 18.14209005050361], [-85.66230417927727, 4.581529053859413], [-85.94060290628113, 7.364478238858283], [-88.38963170372881, 6.554892925545573], [-89.73659754230175, 6.082634863443673]]]], "centroids": [[-65.93657309771515, 40.71968659944832, 0.0]], "h": 15.0}, "mtl": {"face": 3, "edge": 1}}, {"geom": {"polygons": [[[[5.953636743593961, 11.817198829725385], [52.69669092760887, 28.531788252294064], [71.05327495955862, -20.330042105168104], [60.21075655624736, -24.614082858897746], [62.75997289537918, -31.96778556983918], [47.987876467057504, -33.33395440969616], [49.11220332409721, -28.189737267792225], [48.95635603694245, -26.38504395633936], [48.47768222657032, -24.411687280982733], [48.02127231436316, -22.590126866474748], [47.542598503874615, -21.05529325082898], [46.574118933989666, -18.997603790834546], [45.716958854929544, -17.513368462212384], [44.670555641525425, -16.01226655766368], [43.35698565014172, -14.477431752718985], [42.02115176059306, -13.060660917311907], [40.6741859219037, -11.947483666241169], [39.37174787966069, -11.053568497300148], [37.80214305955451, -10.07532159704715], [36.043295105104335, -9.299470528028905], [34.06180816888809, -8.591084708459675], [32.570126992301084, -8.22002544440329], [30.711091496050358, -7.9501641523092985], [28.874319897964597, -7.7983671724796295], [26.937360758078285, -7.7983671724796295], [25.22304059995804, -7.916431490331888], [23.241553663741797, -8.253758105449378], [21.894587825168855, -8.557352047413588], [19.9910245325882, -9.080208257772028], [12.476958904066123, -11.104167469777167], [5.953636743593961, 11.817198829725385]]]], "centroids": [[41.21210927341599, 0.15775333531200886, 0.0]], "h": 15.0}, "mtl": {"face": 4, "edge": 1}}, {"geom": {"polygons": [[[[-29.590676666703075, 4.277934651821852], [5.363643442397006, 13.841163507662714], [5.953636743593961, 11.817198829725385], [12.476958904066123, -11.104167469777167], [12.59941034403164, -11.778820434585214], [-22.544152899528854, -21.493817169219255], [-29.590676666703075, 4.277934651821852]]]], "centroids": [[-8.53029920742847, -3.802276053465903, 0.0]], "h": 11.0}, "mtl": {"face": 5, "edge": 1}}, {"geom": {"polygons": [[[[-92.25241803424433, 34.4012987036258], [-89.73659754230175, 6.082634863443673], [-88.38963170372881, 6.554892925545573], [-83.6474213959882, -11.458360283635557], [-69.72135309770238, -7.410441542044282], [-63.42066991876345, -29.57277300208807], [-67.7732620089082, -30.82087822817266], [-67.261192351114, -32.6087043127045], [-71.42454130679835, -33.924274211749434], [-100.83515077433549, -42.593537411652505], [-107.65903556009289, 32.73152376618236], [-92.25241803424433, 34.4012987036258]]]], "centroids": [[-90.28793987922836, -9.321644588373601, 0.0]], "h": 17.0}, "mtl": {"face": 3, "edge": 1}}, {"geom": {"polygons": [[[[-69.72135309770238, -7.410441542044282], [-37.99529822159093, 1.6299172788858414], [-30.73726742179133, -23.787634220905602], [-44.71899546554778, -27.784946277737617], [-34.032324349391274, -65.24489734321833], [-60.34825197281316, -72.75036068446934], [-71.42454130679835, -33.924274211749434], [-67.261192351114, -32.6087043127045], [-67.7732620089082, -30.82087822817266], [-63.42066991876345, -29.57277300208807], [-69.72135309770238, -7.410441542044282]]]], "centroids": [[-51.664666179567575, -34.640729990787804, 0.0]], "h": 15.0}, "mtl": {"face": 6, "edge": 1}}], "featureCount": 7, "startIndex": 0}