{"type": "block", "layer": 0, "block": 0, "features": [{"geom": {"triangles": {"v": [-27.1233197938418, 6.84029190056026, 0.0, -26.6858197938418, 3.84029190056026, 0.0, -21.5608197938418, 7.34029190056026, 0.0, -21.1233197938418, 4.34029190056026, 0.0, -11.185819793841802, 19.34029190056026, 0.0, -22.9358197938418, 15.84029190056026, 0.0, 17.8766802061582, 2.84029190056026, 0.0, -0.18581979384180158, 21.84029190056026, 0.0, -2.5608197938418016, 30.84029190056026, 0.0, -13.685819793841802, 28.34029190056026, 0.0, -25.4358197938418, 38.34029190056026, 0.0, -24.9983197938418, 35.34029190056026, 0.0, -23.7483197938418, 26.34029190056026, 0.0, -26.9358197938418, 48.84029190056026, 0.0, 38.0016802061582, 57.34029190056026, 0.0, 27.6266802061582, 38.34029190056026, 0.0, 38.1891802061582, 55.84029190056026, 0.0, 37.5641802061582, 41.34029190056026, 0.0, 50.1891802061582, 45.34029190056026, 0.0, 45.8141802061582, 56.84029190056026, 0.0, 39.9391802061582, 32.84029190056026, 0.0, 29.8141802061582, 30.34029190056026, 0.0, 59.9391802061582, 18.84029190056026, 0.0, 53.1266802061582, 36.34029190056026, 0.0, -18.8733197938418, -7.65970809943974, 0.0], "f": [0, 1, 2, 2, 1, 3, 2, 3, 4, 5, 2, 4, 4, 3, 6, 7, 4, 6, 8, 4, 7, 9, 4, 8, 9, 8, 10, 10, 11, 9, 11, 12, 9, 8, 13, 10, 14, 13, 8, 8, 15, 14, 14, 15, 16, 16, 15, 17, 16, 17, 18, 19, 16, 18, 17, 15, 20, 20, 15, 21, 20, 21, 22, 23, 20, 22, 21, 6, 22, 7, 6, 21, 3, 24, 6]}, "centroids": [[12.533088055672124, 27.589074162766337, 0.0]]}, "mtl": 0, "prop": ["university", "Université de Lorraine", "Bâtiment Sellier 2", "15", "NULL", "NULL", "NULL", "NULL", "NULL", "NULL", "NULL"], "lbl": "Bâtiment Sellier 2", "lh": 75.0}, {"geom": {"triangles": {"v": [93.8141802061582, 32.84029190056026, 0.0, 113.6266802061582, 59.34029190056026, 0.0, 65.1891802061582, 40.84029190056026, 0.0, 99.9391802061582, 35.34029190056026, 0.0, 129.5016802061582, 14.34029190056026, 0.0, 107.8141802061582, 13.34029190056026, 0.0, 109.3766802061582, 9.34029190056026, 0.0, 114.6266802061582, -5.65970809943974, 0.0, 86.1266802061582, 0.3402919005602598, 0.0, 91.2516802061582, -14.65970809943974, 0.0, 82.5641802061582, -26.65970809943974, 0.0, 71.2516802061582, 4.84029190056026, 0.0, 84.4391802061582, 4.34029190056026, 0.0, 82.6266802061582, 8.84029190056026, 0.0, 92.6891802061582, -19.15970809943974, 0.0, 94.0016802061582, -22.15970809943974, 0.0, 130.1891802061582, 14.34029190056026, 0.0, 116.0641802061582, -9.65970809943974, 0.0, 140.8141802061582, -17.15970809943974, 0.0, 124.0641802061582, -32.15970809943974, 0.0, 148.8766802061582, -41.15970809943974, 0.0, 117.8141802061582, -34.15970809943974, 0.0, 91.6891802061582, -62.65970809943974, 0.0, 82.2516802061582, -47.65970809943974, 0.0, 73.9391802061582, -59.15970809943974, 0.0, 71.4391802061582, -51.65970809943974, 0.0, 77.3141802061582, -68.15970809943974, 0.0, 96.6891802061582, -76.15970809943974, 0.0, 81.7516802061582, -82.15970809943974, 0.0, 87.8766802061582, 30.84029190056026, 0.0, 82.4391802061582, 29.34029190056026, 0.0, 70.8766802061582, 24.84029190056026, 0.0, 84.1891802061582, 24.84029190056026, 0.0, 89.3141802061582, 26.84029190056026, 0.0], "f": [0, 1, 2, 0, 3, 1, 1, 3, 4, 4, 3, 5, 4, 5, 6, 6, 7, 4, 6, 8, 7, 8, 9, 7, 8, 10, 9, 8, 11, 10, 12, 11, 8, 13, 11, 12, 9, 10, 14, 14, 10, 15, 4, 7, 16, 17, 16, 7, 18, 16, 17, 17, 19, 18, 18, 19, 20, 19, 21, 20, 21, 22, 20, 23, 22, 21, 23, 24, 22, 25, 24, 23, 22, 24, 26, 22, 26, 27, 26, 28, 27, 2, 29, 0, 2, 30, 29, 2, 31, 30, 30, 32, 29, 29, 32, 33]}, "centroids": [[106.09628172277007, -7.695314005948603, 0.0]]}, "mtl": 0, "prop": ["university", "Université de Lorraine", "Batiment E", "11", "NULL", "NULL", "NULL", "NULL", "NULL", "NULL", "NULL"], "lbl": "Batiment E", "lh": 75.0}, {"geom": {"triangles": {"v": [-79.9983197938418, 39.34029190056026, 0.0, -81.4983197938418, 39.34029190056026, 0.0, -80.4983197938418, 29.34029190056026, 0.0, -78.6858197938418, 39.84029190056026, 0.0, -31.0608197938418, 34.34029190056026, 0.0, -31.4983197938418, 37.34029190056026, 0.0, -33.0608197938418, 47.84029190056026, 0.0, -78.9358197938418, 41.84029190056026, 0.0, -78.1858197938418, 7.34029190056026, 0.0, -25.0608197938418, -9.15970809943974, 0.0, -74.7483197938418, -19.65970809943974, 0.0, -81.0608197938418, 7.34029190056026, 0.0, -77.1858197938418, -20.65970809943974, 0.0, -78.5608197938418, -21.15970809943974, 0.0, -74.4358197938418, -22.65970809943974, 0.0], "f": [0, 1, 2, 2, 3, 0, 4, 3, 2, 4, 5, 3, 6, 3, 5, 7, 3, 6, 2, 8, 4, 4, 8, 9, 8, 10, 9, 8, 11, 10, 11, 12, 10, 11, 13, 12, 10, 14, 9]}, "centroids": [[-54.733747549005784, 13.488202958367765, 0.0]]}, "mtl": 0, "prop": ["university", "Université de Lorraine", "Bâtiment Sellier 1", "15", "NULL", "NULL", "NULL", "NULL", "NULL", "NULL", "NULL"], "lbl": "Bâtiment Sellier 1", "lh": 75.0}, {"geom": {"triangles": {"v": [17.1266802061582, -15.65970809943974, 0.0, 40.0641802061582, -35.15970809943974, 0.0, 63.8766802061582, 1.3402919005602598, 0.0, 38.1266802061582, -35.15970809943974, 0.0, 36.4391802061582, -35.15970809943974, 0.0, 34.4391802061582, -35.65970809943974, 0.0, 33.1266802061582, -35.65970809943974, 0.0, 31.1891802061582, -36.15970809943974, 0.0, 23.6891802061582, -38.15970809943974, 0.0, 41.9391802061582, -35.15970809943974, 0.0, 43.7516802061582, -35.65970809943974, 0.0, 45.2516802061582, -35.65970809943974, 0.0, 47.2516802061582, -36.65970809943974, 0.0, 49.0016802061582, -37.15970809943974, 0.0, 50.5641802061582, -38.15970809943974, 0.0, 51.8766802061582, -39.15970809943974, 0.0, 53.2516802061582, -40.15970809943974, 0.0, 54.5641802061582, -41.65970809943974, 0.0, 82.2516802061582, -47.65970809943974, 0.0, 55.8766802061582, -43.15970809943974, 0.0, 56.9391802061582, -44.65970809943974, 0.0, 57.7516802061582, -46.15970809943974, 0.0, 58.7516802061582, -48.15970809943974, 0.0, 71.4391802061582, -51.65970809943974, 0.0, 59.2516802061582, -49.65970809943974, 0.0, 59.6891802061582, -51.65970809943974, 0.0, 60.1891802061582, -53.65970809943974, 0.0, 60.3141802061582, -55.65970809943974, 0.0, 73.9391802061582, -59.15970809943974, 0.0, 59.1891802061582, -60.65970809943974, 0.0], "f": [0, 1, 2, 0, 3, 1, 0, 4, 3, 0, 5, 4, 0, 6, 5, 0, 7, 6, 0, 8, 7, 1, 9, 2, 9, 10, 2, 10, 11, 2, 11, 12, 2, 12, 13, 2, 13, 14, 2, 14, 15, 2, 15, 16, 2, 16, 17, 2, 2, 17, 18, 18, 17, 19, 18, 19, 20, 18, 20, 21, 18, 21, 22, 22, 23, 18, 23, 22, 24, 23, 24, 25, 23, 25, 26, 26, 27, 23, 23, 27, 28, 27, 29, 28]}, "centroids": [[52.41493482212536, -27.07373030576855, 0.0]]}, "mtl": 0, "prop": ["university", "Université de Lorraine", "Bâtiment C", "15", "NULL", "NULL", "NULL", "NULL", "NULL", "NULL", "NULL"], "lbl": "Bâtiment C", "lh": 75.0}, {"geom": {"triangles": {"v": [16.5641802061582, -13.15970809943974, 0.0, -18.3733197938418, -23.15970809943974, 0.0, 17.1266802061582, -15.65970809943974, 0.0, -11.310819793841802, -48.65970809943974, 0.0, 23.6891802061582, -38.15970809943974, 0.0, 23.8141802061582, -39.15970809943974, 0.0], "f": [0, 1, 2, 2, 1, 3, 4, 2, 3, 4, 3, 5]}, "centroids": [[2.6725263412809, -31.03375969454646, 0.0]]}, "mtl": 0, "prop": ["university", "Université de Lorraine", "Bâtiment D", "11", "NULL", "NULL", "NULL", "NULL", "NULL", "NULL", "NULL"], "lbl": "Bâtiment D", "lh": 75.0}, {"geom": {"triangles": {"v": [-81.0608197938418, 7.34029190056026, 0.0, -96.4358197938418, 5.34029190056026, 0.0, -78.5608197938418, -21.15970809943974, 0.0, -89.6233197938418, -69.65970809943974, 0.0, -72.4358197938418, -38.65970809943974, 0.0, -77.1858197938418, -20.65970809943974, 0.0, -60.2483197938418, -61.15970809943974, 0.0, -56.5608197938418, -58.15970809943974, 0.0, -58.4983197938418, -34.65970809943974, 0.0, -52.2483197938418, -56.65970809943974, 0.0, -56.0608197938418, -59.65970809943974, 0.0], "f": [0, 1, 2, 1, 3, 2, 2, 3, 4, 5, 2, 4, 4, 3, 6, 4, 6, 7, 8, 4, 7, 8, 7, 9, 7, 6, 10]}, "centroids": [[-79.08511433051899, -36.55312822945416, 0.0]]}, "mtl": 0,