{"type": "block", "layer": 0, "block": 0, "features": [{"geom": {"polygons": [[[[25.36412069015205, 57.20694051682949], [32.22140132309869, 40.03688856679946], [-9.868498145835474, 23.912588491104543], [-46.60393010766711, 13.607220275327563], [-48.84145187260583, 25.548630093224347], [-54.41855836135801, 24.789641680195928], [-54.88610022270586, 27.640065180137753], [-49.308993733953685, 28.517118755728006], [-50.70048736885656, 36.96719727944583], [-38.94514914113097, 40.2224193951115], [-41.44983768404927, 49.36403428763151], [-51.52425160072744, 47.39065902214497], [-52.759897948475555, 56.279284562915564], [-53.16064811544493, 59.14658511057496], [-54.66346124105621, 69.89053754042834], [10.280329687637277, 78.47558936290443], [10.413913076627068, 76.92387011926621], [18.03929819597397, 77.96959392540157], [22.46981392952148, 66.31484071630985], [9.835051724570803, 62.50301463063806], [12.21728882752359, 53.6987148988992], [25.36412069015205, 57.20694051682949]], [[-0.09464685432612896, 59.36584931053221], [-30.329020553617738, 51.91086970921606], [-27.935651501640677, 43.089714519679546], [2.0649512672098354, 51.15187894087285], [-0.09464685432612896, 59.36584931053221]]]], "centroids": [[-15.215449072653428, 48.61591596156359, 0.0]], "h": 22.5}, "mtl": {"face": 0, "edge": 1}, "prop": ["university", "Université de Lorraine", "Bâtiment Sellier 2", "15", "0,85"]}, {"geom": {"polygons": [[[[121.14341056870762, -20.361613545566797], [63.92519230104517, -41.78181127645075], [68.93456938664895, -54.93749647960067], [54.01775762042962, -61.34666906576604], [49.542714090435766, -47.027221537195146], [46.214261315763, -38.17242741212249], [43.66504497663118, -30.818724701181054], [54.50756337994244, -26.534683947451413], [90.08527263742872, -13.277756735682487], [96.31916412187275, -10.916469818912446], [88.30416078469716, 11.515788646414876], [86.85700740432367, 15.563721298240125], [63.47991433786228, 6.118548111990094], [64.92706771811936, 2.0706199631094933], [66.26290160755161, -1.3026520190760493], [54.79699405585416, -5.519240113906562], [43.50919768947642, 25.70042778365314], [54.90831354667898, 29.73150078114122], [56.68942539941054, 25.34623317606747], [58.35921776131727, 21.29829586017877], [81.62499133707024, 30.23749334178865], [80.06651846598834, 34.45409919600934], [72.16283461963758, 56.21181868109852], [66.04026262613479, 53.85051309410483], [60.140329614048824, 51.82653739769012], [61.5874829943059, 47.77858745586127], [56.4667864178773, 46.09194221626967], [54.685674565145746, 50.477220537140965], [43.108447522623464, 46.09194221626967], [37.43115349218715, 62.11508552078158], [85.8551319873659, 80.33090622164309], [101.77381917065941, 35.466084911488], [102.44173611537553, 35.466084911488], [113.08387943531852, 3.689790990203619], [121.14341056870762, -20.361613545566797]]]], "centroids": [[78.34774459444452, 13.331527792848647, 0.0]], "h": 16.5}, "mtl": {"face": 2, "edge": 1}, "prop": ["university", "Université de Lorraine", "Batiment E", "11", "0,75"]}, {"geom": {"polygons": [[[[-106.28230912191793, -0.12200697883963585], [-108.79812961386051, 28.19665686134249], [-105.9372187005356, 28.500252339988947], [-108.23040021082852, 50.22422364819795], [-109.22114367887843, 60.411570955999196], [-107.76285834959708, 60.59710222762078], [-106.46042030723765, 60.74890054482967], [-106.69419123791158, 62.80661133490503], [-60.78603323479183, 69.11467866692692], [-59.24982426175848, 58.21892894431949], [-58.80454629857559, 55.35162871144712], [-52.82668964297045, 11.937448208220303], [-102.20801575889345, -1.6231127884238958], [-102.48631448589731, 1.159836396574974], [-104.93534328334499, 0.35025108326226473], [-106.28230912191793, -0.12200697883963585]]]], "centroids": [[-82.48228467733134, 34.515044757165015, 0.0]], "h": 22.5}, "mtl": {"face": 0, "edge": 1}, "prop": ["university", "Université de Lorraine", "Bâtiment Sellier 1", "15", "0,92"]}, {"geom": {"polygons": [[[[-10.59207483602222, 5.612556987442076], [36.15097934799269, 22.327146410010755], [54.50756337994244, -26.534683947451413], [43.66504497663118, -30.818724701181054], [46.214261315763, -38.17242741212249], [31.442164887441322, -39.53859625197947], [32.56649174448103, -34.39437911007553], [32.41064445732627, -32.58968579862267], [31.93197064695414, -30.61632912326604], [31.475560734746978, -28.794768708758056], [30.996886924258433, -27.25993509311229], [30.028407354373485, -25.202245633117855], [29.171247275313362, -23.718010304495692], [28.124844061909243, -22.216908399946988], [26.811274070525542, -20.682073595002294], [25.475440180976875, -19.265302759595215], [24.128474342287518, -18.152125508524477], [22.826036300044507, -17.258210339583457], [21.25643147993833, -16.27996343933046], [19.497583525488153, -15.504112370312214], [17.51609658927191, -14.795726550742984], [16.024415412684903, -14.4246672866866], [14.165379916434176, -14.154805994592607], [12.328608318348415, -14.003009014762938], [10.391649178462103, -14.003009014762938], [8.677329020341858, -14.121073332615197], [6.695842084125616, -14.458399947732687], [5.348876245552674, -14.761993889696896], [3.4453129529720172, -15.284850100055337], [-4.0687526755500585, -17.308809312060475], [-10.59207483602222, 5.612556987442076]]]], "centroids": [[24.66639769379981, -6.0468885069713, 0.0]], "h": 22.5}, "mtl": {"face": 3, "edge": 1}, "prop": ["university", "Université de Lorraine", "Bâtiment C", "15", "0,45"]}, {"geom": {"polygons": [[[[-46.13638824631926, -1.9267071904614568], [-11.182068137219176, 7.636521665379405], [-10.59207483602222, 5.612556987442076], [-4.0687526755500585, -17.308809312060475], [-3.946301235584542, -17.983462276868522], [-39.089864479145035, -27.698459011502564], [-46.13638824631926, -1.9267071904614568]]]], "centroids": [[-25.076010787044652, -10.006917895749211, 0.0]], "h": 16.5}, "mtl": {"face": 4, "edge": 1}, "prop": ["university", "Université de Lorraine", "Bâtiment D", "11", "0,55"]}, {"geom": {"polygons": [[[[-108.79812961386051, 28.19665686134249], [-106.28230912191793, -0.12200697883963585], [-104.93534328334499, 0.35025108326226473], [-100.19313297560439, -17.663002125918865], [-86.26706467731856, -13.61508338432759], [-79.96638149837963, -35.77741484437138], [-84.31897358852439, -37.02552007045597], [-83.80690393073019, -38.81334615498781], [-87.97025288641453, -40.12891605403274], [-117.38086235395167, -48.798179253935814], [-124.20474713970907, 26.526881923899055], [-108.79812961386051, 28.19665686134249]]]], "centroids": [[-106.83365145884454, -15.52628643065691, 0.0]], "h": 25.5}, "mtl": {"face": 5, "edge": 1}, "prop": ["university", "Université de Lorraine", "Bâtiment A+Rotule", "17", "0,95"]}, {"geom": {"polygons": [[[[-86.26706467731856, -13.61508338432759], [-54.54100980120711, -4.574724563397467], [-47.28297900140751, -29.99227606318891], [-61.26470704516396, -33.989588120020926], [-50.578035929007456, -71.44953918550164], [-76.89396355242934, -78.95500252675265], [-87.97025288641453, -40.12891605403274], [-83.80690393073019, -38.81334615498781], [-84.31897358852439, -37.02552007045597], [-79.96638149837963, -35.77741484437138], [-86.26706467731856, -13.61508338432759]]]], "centroids": [[-68.21037775918376, -40.84537183307111, 0.0]], "h": 22.5}, "mtl": {"face": 6, "edge": 1}, "prop": ["university", "Université de Lorraine", "Bâtiment A'", "15", "0,25"]}], "featureCount": 7, "startIndex": 0}