{"type": "block", "layer": 1, "block": 0, "features": [{"geom": {"polygons": [[[[53.1126578184776, 36.18009871803224], [59.96993845142424, 19.010046768002212], [17.880038982490078, 2.8857466923072934], [-18.85539297934156, -7.4196215234696865], [-21.09291474428028, 4.521788294427097], [-26.670021233032458, 3.762799881398678], [-27.13756309438031, 6.613223381340504], [-21.560456605628133, 7.490276956930757], [-22.951950240531005, 15.940355480648577], [-11.196612012805417, 19.19557759631425], [-13.70130055572372, 28.337192488834262], [-23.775714472401887, 26.363817223347723], [-25.011360820150003, 35.252442764118314], [-25.412110987119377, 38.11974331177771], [-26.91492411273066, 48.86369574163109], [38.02886681596283, 57.44874756410718], [38.16245020495262, 55.89702832046896], [45.78783532429952, 56.94275212660432], [50.21835105784703, 45.287998917512596], [37.583588852896355, 41.47617283184081], [39.96582595584914, 32.67187310010195], [53.1126578184776, 36.18009871803224]], [[27.653890273999423, 38.33900751173496], [-2.5804834252921864, 30.88402791041881], [-0.1871143733151257, 22.062872720882297], [29.813488395535387, 30.1250371420756], [27.653890273999423, 38.33900751173496]]]], "centroids": [[12.533088055672124, 27.589074162766337, 0.0]], "h": 22.5}, "mtl": {"face": 0, "edge": 1}}, {"geom": {"polygons": [[[[148.89194769703317, -41.38845534436405], [91.67372942937072, -62.808653075248], [96.6831065149745, -75.96433827839792], [81.76629474875517, -82.37351086456329], [77.29125121876132, -68.0540633359924], [73.96279844408855, -59.19926921091974], [71.41358210495673, -51.845566499978304], [82.25610050826799, -47.56152574624866], [117.83380976575427, -34.30459853447974], [124.0677012501983, -31.943311617709696], [116.05269791302271, -9.511053152382374], [114.60554453264922, -5.463120500557125], [91.22845146618783, -14.908293686807156], [92.67560484644491, -18.956221835687757], [94.01143873587716, -22.3294938178733], [82.54553118417971, -26.546081912703812], [71.25773481780197, 4.67358598485589], [82.65685067500453, 8.704658982343972], [84.43796252773609, 4.319391377270222], [86.10775488964282, 0.27145406138151884], [109.3735284653958, 9.2106515429914], [107.81505559431389, 13.427257397212088], [99.91137174796313, 35.18497688230127], [93.78879975446034, 32.82367129530758], [87.88886674237438, 30.799695598892868], [89.33602012263145, 26.75174565706402], [84.21532354620285, 25.065100417472422], [82.4342116934713, 29.450378738343716], [70.85698465094902, 25.065100417472422], [65.1796906205127, 41.08824372198433], [113.60366911569145, 59.30406442284584], [129.52235629898496, 14.439243112690747], [130.19027324370109, 14.439243112690747], [140.83241656364407, -17.33705080859363], [148.89194769703317, -41.38845534436405]]]], "centroids": [[106.09628172277007, -7.695314005948603, 0.0]], "h": 16.5}, "mtl": {"face": 0, "edge": 1}}, {"geom": {"polygons": [[[[-78.53377199359238, -21.148848777636886], [-81.04959248553496, 7.16981506254524], [-78.18868157221004, 7.473410541191697], [-80.48186308250297, 29.1973818494007], [-81.47260655055288, 39.384729157201946], [-80.01432122127153, 39.57026042882353], [-78.7118831789121, 39.72205874603242], [-78.94565410958603, 41.77976953610778], [-33.03749610646628, 48.08783686812967], [-31.501287133432925, 37.19208714552224], [-31.056009170250036, 34.32478691264987], [-25.0781525146449, -9.089393590576947], [-74.4594786305679, -22.649954587221146], [-74.73777735757176, -19.867005402222276], [-77.18680615501944, -20.676590715534985], [-78.53377199359238, -21.148848777636886]]]], "centroids": [[-54.733747549005784, 13.488202958367765, 0.0]], "h": 22.5}, "mtl": {"face": 0, "edge": 1}}, {"geom": {"polygons": [[[[17.15646229230333, -15.414284811355174], [63.89951647631824, 1.3003046112135053], [82.25610050826799, -47.56152574624866], [71.41358210495673, -51.845566499978304], [73.96279844408855, -59.19926921091974], [59.190702015766874, -60.56543805077672], [60.31502887280658, -55.42122090887278], [60.15918158565182, -53.61652759741992], [59.68050777527969, -51.64317092206329], [59.22409786307253, -49.821610507555306], [58.745424052583985, -48.28677689190954], [57.77694448269904, -46.229087431915104], [56.919784403638914, -44.74485210329294], [55.873381190234795, -43.24375019874424], [54.559811198851094, -41.70891539379954], [53.22397730930243, -40.292144558392465], [51.87701147061307, -39.17896730732173], [50.57457342837006, -38.285052138380706], [49.00496860826388, -37.30680523812771], [47.246120653813705, -36.530954169109464], [45.26463371759746, -35.822568349540234], [43.772952541010454, -35.45150908548385], [41.91391704475973, -35.18164779338986], [40.07714544667397, -35.02985081356019], [38.140186306787655, -35.02985081356019], [36.42586614866741, -35.14791513141245], [34.44437921245117, -35.48524174652994], [33.097413373878226, -35.788835688494146], [31.19385008129757, -36.31169189885259], [23.679784452775493, -38.335651110857725], [17.15646229230333, -15.414284811355174]]]], "centroids": [[52.41493482212536, -27.07373030576855, 0.0]], "h": 22.5}, "mtl": {"face": 0, "edge": 1}}, {"geom": {"polygons": [[[[-18.387851117993705, -22.953548989258707], [16.566468991106376, -13.390320133417845], [17.15646229230333, -15.414284811355174], [23.679784452775493, -38.335651110857725], [23.80223589274101, -39.01030407566577], [-11.341327350819483, -48.725300810299814], [-18.387851117993705, -22.953548989258707]]]], "centroids": [[2.6725263412809, -31.03375969454646, 0.0]], "h": 16.5}, "mtl": {"face": 0, "edge": 1}}, {"geom": {"polygons": [[[[-81.04959248553496, 7.16981506254524], [-78.53377199359238, -21.148848777636886], [-77.18680615501944, -20.676590715534985], [-72.44459584727883, -38.689843924716115], [-58.518527548993006, -34.64192518312484], [-52.21784437005408, -56.80425664316863], [-56.570436460198835, -58.05236186925322], [-56.058366802404635, -59.84018795378506], [-60.221715758088976, -61.15575785282999], [-89.63232522562612, -69.82502105273306], [-96.45621001138352, 5.500040125101805], [-81.04959248553496, 7.16981506254524]]]], "centroids": [[-79.08511433051899, -36.55312822945416, 0.0]], "h": 25.5}, "mtl": {"face": 0, "edge": 1}}, {"geom": {"polygons": [[[[-58.518527548993006, -34.64192518312484], [-26.79247267288156, -25.601566362194717], [-19.53444187308196, -51.01911786198616], [-33.51616991683841, -55.016429918818176], [-22.829498800681904, -92.47638098429888], [-49.14542642410379, -99.9818443255499], [-60.221715758088976, -61.15575785282999], [-56.058366802404635, -59.84018795378506], [-56.570436460198835, -58.05236186925322], [-52.21784437005408, -56.80425664316863], [-58.518527548993006, -34.64192518312484]]]], "centroids": [[-40.461840630858205, -61.87221363186836, 0.0]], "h": 22.5}, "mtl": {"face": 0, "edge": 1}}], "featureCount": 7, "startIndex": 0}