{"type": "block", "layer": 1, "block": 0, "features": [{"geom": {"triangles": {"v": [-54.87185692216735, 27.86713369935751, 0.0, -54.43435692216735, 24.86713369935751, 0.0, -49.30935692216735, 28.36713369935751, 0.0, -48.87185692216735, 25.36713369935751, 0.0, -38.93435692216735, 40.36713369935751, 0.0, -50.68435692216735, 36.86713369935751, 0.0, -9.871856922167353, 23.86713369935751, 0.0, -27.934356922167353, 42.86713369935751, 0.0, -30.309356922167353, 51.86713369935751, 0.0, -41.43435692216735, 49.36713369935751, 0.0, -53.18435692216735, 59.36713369935751, 0.0, -52.74685692216735, 56.36713369935751, 0.0, -51.49685692216735, 47.36713369935751, 0.0, -54.68435692216735, 69.86713369935751, 0.0, 10.253143077832647, 78.36713369935751, 0.0, -0.12185692216735333, 59.36713369935751, 0.0, 10.440643077832647, 76.86713369935751, 0.0, 9.815643077832647, 62.36713369935751, 0.0, 22.440643077832647, 66.36713369935751, 0.0, 18.065643077832647, 77.86713369935751, 0.0, 12.190643077832647, 53.86713369935751, 0.0, 2.0656430778326467, 51.36713369935751, 0.0, 32.19064307783265, 39.86713369935751, 0.0, 25.378143077832647, 57.36713369935751, 0.0, -46.62185692216735, 13.36713369935751, 0.0], "f": [0, 1, 2, 2, 1, 3, 2, 3, 4, 5, 2, 4, 4, 3, 6, 7, 4, 6, 8, 4, 7, 9, 4, 8, 9, 8, 10, 10, 11, 9, 11, 12, 9, 8, 13, 10, 14, 13, 8, 8, 15, 14, 14, 15, 16, 16, 15, 17, 16, 17, 18, 19, 16, 18, 17, 15, 20, 20, 15, 21, 20, 21, 22, 23, 20, 22, 21, 6, 22, 7, 6, 21, 3, 24, 6]}, "centroids": [[-15.215449072653428, 48.61591596156359, 0.0]]}, "mtl": 0, "lbl": "Bâtiment Sellier 2", "lh": 75.0}, {"geom": {"triangles": {"v": [66.06564307783265, 53.86713369935751, 0.0, 85.87814307783265, 80.36713369935751, 0.0, 37.44064307783265, 61.86713369935751, 0.0, 72.19064307783265, 56.36713369935751, 0.0, 101.75314307783265, 35.36713369935751, 0.0, 80.06564307783265, 34.36713369935751, 0.0, 81.62814307783265, 30.36713369935751, 0.0, 86.87814307783265, 15.36713369935751, 0.0, 58.37814307783265, 21.36713369935751, 0.0, 63.50314307783265, 6.36713369935751, 0.0, 54.81564307783265, -5.63286630064249, 0.0, 43.50314307783265, 25.86713369935751, 0.0, 56.69064307783265, 25.36713369935751, 0.0, 54.87814307783265, 29.86713369935751, 0.0, 64.94064307783265, 1.8671336993575096, 0.0, 66.25314307783265, -1.1328663006424904, 0.0, 102.44064307783265, 35.36713369935751, 0.0, 88.31564307783265, 11.36713369935751, 0.0, 113.06564307783265, 3.8671336993575096, 0.0, 96.31564307783265, -11.13286630064249, 0.0, 121.12814307783265, -20.13286630064249, 0.0, 90.06564307783265, -13.13286630064249, 0.0, 63.94064307783265, -41.63286630064249, 0.0, 54.50314307783265, -26.63286630064249, 0.0, 46.19064307783265, -38.13286630064249, 0.0, 43.69064307783265, -30.63286630064249, 0.0, 49.56564307783265, -47.13286630064249, 0.0, 68.94064307783265, -55.13286630064249, 0.0, 54.00314307783265, -61.13286630064249, 0.0, 60.12814307783265, 51.86713369935751, 0.0, 54.69064307783265, 50.36713369935751, 0.0, 43.12814307783265, 45.86713369935751, 0.0, 56.44064307783265, 45.86713369935751, 0.0, 61.56564307783265, 47.86713369935751, 0.0], "f": [0, 1, 2, 0, 3, 1, 1, 3, 4, 4, 3, 5, 4, 5, 6, 6, 7, 4, 6, 8, 7, 8, 9, 7, 8, 10, 9, 8, 11, 10, 12, 11, 8, 13, 11, 12, 9, 10, 14, 14, 10, 15, 4, 7, 16, 17, 16, 7, 18, 16, 17, 17, 19, 18, 18, 19, 20, 19, 21, 20, 21, 22, 20, 23, 22, 21, 23, 24, 22, 25, 24, 23, 22, 24, 26, 22, 26, 27, 26, 28, 27, 2, 29, 0, 2, 30, 29, 2, 31, 30, 30, 32, 29, 29, 32, 33]}, "centroids": [[78.34774459444452, 13.331527792848647, 0.0]]}, "mtl": 0, "lbl": "Batiment E", "lh": 75.0}, {"geom": {"triangles": {"v": [-107.74685692216735, 60.36713369935751, 0.0, -109.24685692216735, 60.36713369935751, 0.0, -108.24685692216735, 50.36713369935751, 0.0, -106.43435692216735, 60.86713369935751, 0.0, -58.80935692216735, 55.36713369935751, 0.0, -59.24685692216735, 58.36713369935751, 0.0, -60.80935692216735, 68.86713369935751, 0.0, -106.68435692216735, 62.86713369935751, 0.0, -105.93435692216735, 28.36713369935751, 0.0, -52.80935692216735, 11.86713369935751, 0.0, -102.49685692216735, 1.3671336993575096, 0.0, -108.80935692216735, 28.36713369935751, 0.0, -104.93435692216735, 0.3671336993575096, 0.0, -106.30935692216735, -0.1328663006424904, 0.0, -102.18435692216735, -1.6328663006424904, 0.0], "f": [0, 1, 2, 2, 3, 0, 4, 3, 2, 4, 5, 3, 6, 3, 5, 7, 3, 6, 2, 8, 4, 4, 8, 9, 8, 10, 9, 8, 11, 10, 11, 12, 10, 11, 13, 12, 10, 14, 9]}, "centroids": [[-82.48228467733134, 34.515044757165015, 0.0]]}, "mtl": 0, "lbl": "Bâtiment Sellier 1", "lh": 75.0}, {"geom": {"triangles": {"v": [-10.621856922167353, 5.36713369935751, 0.0, 12.315643077832647, -14.13286630064249, 0.0, 36.12814307783265, 22.36713369935751, 0.0, 10.378143077832647, -14.13286630064249, 0.0, 8.690643077832647, -14.13286630064249, 0.0, 6.690643077832647, -14.63286630064249, 0.0, 5.378143077832647, -14.63286630064249, 0.0, 3.4406430778326467, -15.13286630064249, 0.0, -4.059356922167353, -17.13286630064249, 0.0, 14.190643077832647, -14.13286630064249, 0.0, 16.003143077832647, -14.63286630064249, 0.0, 17.503143077832647, -14.63286630064249, 0.0, 19.503143077832647, -15.63286630064249, 0.0, 21.253143077832647, -16.13286630064249, 0.0, 22.815643077832647, -17.13286630064249, 0.0, 24.128143077832647, -18.13286630064249, 0.0, 25.503143077832647, -19.13286630064249, 0.0, 26.815643077832647, -20.63286630064249, 0.0, 54.50314307783265, -26.63286630064249, 0.0, 28.128143077832647, -22.13286630064249, 0.0, 29.190643077832647, -23.63286630064249, 0.0, 30.003143077832647, -25.13286630064249, 0.0, 31.003143077832647, -27.13286630064249, 0.0, 43.69064307783265, -30.63286630064249, 0.0, 31.503143077832647, -28.63286630064249, 0.0, 31.940643077832647, -30.63286630064249, 0.0, 32.44064307783265, -32.63286630064249, 0.0, 32.56564307783265, -34.63286630064249, 0.0, 46.19064307783265, -38.13286630064249, 0.0, 31.440643077832647, -39.63286630064249, 0.0], "f": [0, 1, 2, 0, 3, 1, 0, 4, 3, 0, 5, 4, 0, 6, 5, 0, 7, 6, 0, 8, 7, 1, 9, 2, 9, 10, 2, 10, 11, 2, 11, 12, 2, 12, 13, 2, 13, 14, 2, 14, 15, 2, 15, 16, 2, 16, 17, 2, 2, 17, 18, 18, 17, 19, 18, 19, 20, 18, 20, 21, 18, 21, 22, 22, 23, 18, 23, 22, 24, 23, 24, 25, 23, 25, 26, 26, 27, 23, 23, 27, 28, 27, 29, 28]}, "centroids": [[24.66639769379981, -6.0468885069713, 0.0]]}, "mtl": 0, "lbl": "Bâtiment C", "lh": 75.0}, {"geom": {"triangles": {"v": [-11.184356922167353, 7.86713369935751, 0.0, -46.12185692216735, -2.1328663006424904, 0.0, -10.621856922167353, 5.36713369935751, 0.0, -39.05935692216735, -27.63286630064249, 0.0, -4.059356922167353, -17.13286630064249, 0.0, -3.9343569221673533, -18.13286630064249, 0.0], "f": [0, 1, 2, 2, 1, 3, 4, 2, 3, 4, 3, 5]}, "centroids": [[-25.076010787044652, -10.006917895749211, 0.0]]}, "mtl": 0, "lbl": "Bâtiment D", "lh": 75.0}, {"geom": {"triangles": {"v": [-108.80935692216735, 28.36713369935751, 0.0, -124.18435692216735, 26.36713369935751, 0.0, -106.30935692216735, -0.1328663006424904, 0.0, -117.37185692216735, -48.63286630064249, 0.0, -100.18435692216735, -17.63286630064249, 0.0, -104.93435692216735, 0.3671336993575096, 0.0, -87.99685692216735, -40.13286630064249, 0.0, -84.30935692216735, -37.13286630064249, 0.0, -86.24685692216735, -13.63286630064249, 0.0, -79.99685692216735, -35.63286630064249, 0.0, -83.80935692216735, -38.63286630064249, 0.0], "f": [0, 1, 2, 1, 3, 2, 2, 3, 4, 5, 2, 4, 4, 3, 6, 4, 6, 7, 8, 4, 7, 8, 7, 9, 7, 6, 10]}, "centroids": [[-106.83365145884454, -15.52628643065691, 0.0]]}, "mtl": 0, "lbl": "Bâtiment A+Rotule", "lh": 75.0}, {"geom": {"triangles": {"v": [-83.80935692216735, -38.63286630064249, 0.0, -87.99685692216735, -40.13286630064249, 0.0, -76.87185692216735, -79.13286630064249, 0.0, -50.55935692216735, -71.63286630064249, 0.0, -61.24685692216735, -34.13286630064249, 0.0, -79.99685692216735, -35.63286630064249, 0.0, -86.24685692216735, -13.63286630064249, 0.0, -54.55935692216735, -4.63286630064249, 0.0, -47.30935692216735, -30.13286630064249, 0.0, -84.30935692216735, -37.13286630064249, 0.0],