{"type": "block", "layer": 2, "block": 0, "features": [{"geom": {"triangles": {"v": [-38.32614534255117, 34.07177554164082, 0.0, -37.88864534255117, 31.071775541640818, 0.0, -32.76364534255117, 34.57177554164082, 0.0, -32.32614534255117, 31.571775541640818, 0.0, -22.388645342551172, 46.57177554164082, 0.0, -34.13864534255117, 43.07177554164082, 0.0, 6.673854657448828, 30.071775541640818, 0.0, -11.388645342551172, 49.07177554164082, 0.0, -13.763645342551172, 58.07177554164082, 0.0, -24.888645342551172, 55.57177554164082, 0.0, -36.63864534255117, 65.57177554164082, 0.0, -36.20114534255117, 62.57177554164082, 0.0, -34.95114534255117, 53.57177554164082, 0.0, -38.13864534255117, 76.07177554164082, 0.0, 26.798854657448828, 84.57177554164082, 0.0, 16.423854657448828, 65.57177554164082, 0.0, 26.986354657448828, 83.07177554164082, 0.0, 26.361354657448828, 68.57177554164082, 0.0, 38.98635465744883, 72.57177554164082, 0.0, 34.61135465744883, 84.07177554164082, 0.0, 28.736354657448828, 60.07177554164082, 0.0, 18.611354657448828, 57.57177554164082, 0.0, 48.73635465744883, 46.07177554164082, 0.0, 41.92385465744883, 63.57177554164082, 0.0, -30.076145342551172, 19.571775541640818, 0.0], "f": [0, 1, 2, 2, 1, 3, 2, 3, 4, 5, 2, 4, 4, 3, 6, 7, 4, 6, 8, 4, 7, 9, 4, 8, 9, 8, 10, 10, 11, 9, 11, 12, 9, 8, 13, 10, 14, 13, 8, 8, 15, 14, 14, 15, 16, 16, 15, 17, 16, 17, 18, 19, 16, 18, 17, 15, 20, 20, 15, 21, 20, 21, 22, 23, 20, 22, 21, 6, 22, 7, 6, 21, 3, 24, 6]}, "centroids": [[1.3302625069627538, 54.820557803846896, 0.0]]}, "mtl": 0, "lbl": "0.85", "lh": 65.0}, {"geom": {"triangles": {"v": [82.61135465744883, 60.07177554164082, 0.0, 102.42385465744883, 86.57177554164082, 0.0, 53.98635465744883, 68.07177554164082, 0.0, 88.73635465744883, 62.57177554164082, 0.0, 118.29885465744883, 41.57177554164082, 0.0, 96.61135465744883, 40.57177554164082, 0.0, 98.17385465744883, 36.57177554164082, 0.0, 103.42385465744883, 21.571775541640818, 0.0, 74.92385465744883, 27.571775541640818, 0.0, 80.04885465744883, 12.571775541640818, 0.0, 71.36135465744883, 0.5717755416408181, 0.0, 60.04885465744883, 32.07177554164082, 0.0, 73.23635465744883, 31.571775541640818, 0.0, 71.42385465744883, 36.07177554164082, 0.0, 81.48635465744883, 8.071775541640818, 0.0, 82.79885465744883, 5.071775541640818, 0.0, 118.98635465744883, 41.57177554164082, 0.0, 104.86135465744883, 17.571775541640818, 0.0, 129.61135465744883, 10.071775541640818, 0.0, 112.86135465744883, -4.928224458359182, 0.0, 137.67385465744883, -13.928224458359182, 0.0, 106.61135465744883, -6.928224458359182, 0.0, 80.48635465744883, -35.42822445835918, 0.0, 71.04885465744883, -20.428224458359182, 0.0, 62.73635465744883, -31.928224458359182, 0.0, 60.23635465744883, -24.428224458359182, 0.0, 66.11135465744883, -40.92822445835918, 0.0, 85.48635465744883, -48.92822445835918, 0.0, 70.54885465744883, -54.92822445835918, 0.0, 76.67385465744883, 58.07177554164082, 0.0, 71.23635465744883, 56.57177554164082, 0.0, 59.67385465744883, 52.07177554164082, 0.0, 72.98635465744883, 52.07177554164082, 0.0, 78.11135465744883, 54.07177554164082, 0.0], "f": [0, 1, 2, 0, 3, 1, 1, 3, 4, 4, 3, 5, 4, 5, 6, 6, 7, 4, 6, 8, 7, 8, 9, 7, 8, 10, 9, 8, 11, 10, 12, 11, 8, 13, 11, 12, 9, 10, 14, 14, 10, 15, 4, 7, 16, 17, 16, 7, 18, 16, 17, 17, 19, 18, 18, 19, 20, 19, 21, 20, 21, 22, 20, 23, 22, 21, 23, 24, 22, 25, 24, 23, 22, 24, 26, 22, 26, 27, 26, 28, 27, 2, 29, 0, 2, 30, 29, 2, 31, 30, 30, 32, 29, 29, 32, 33]}, "centroids": [[94.8934561740607, 19.536169635131955, 0.0]]}, "mtl": 0, "lbl": "0.75", "lh": 65.0}, {"geom": {"triangles": {"v": [-91.20114534255117, 66.57177554164082, 0.0, -92.70114534255117, 66.57177554164082, 0.0, -91.70114534255117, 56.57177554164082, 0.0, -89.88864534255117, 67.07177554164082, 0.0, -42.26364534255117, 61.57177554164082, 0.0, -42.70114534255117, 64.57177554164082, 0.0, -44.26364534255117, 75.07177554164082, 0.0, -90.13864534255117, 69.07177554164082, 0.0, -89.38864534255117, 34.57177554164082, 0.0, -36.26364534255117, 18.071775541640818, 0.0, -85.95114534255117, 7.571775541640818, 0.0, -92.26364534255117, 34.57177554164082, 0.0, -88.38864534255117, 6.571775541640818, 0.0, -89.76364534255117, 6.071775541640818, 0.0, -85.63864534255117, 4.571775541640818, 0.0], "f": [0, 1, 2, 2, 3, 0, 4, 3, 2, 4, 5, 3, 6, 3, 5, 7, 3, 6, 2, 8, 4, 4, 8, 9, 8, 10, 9, 8, 11, 10, 11, 12, 10, 11, 13, 12, 10, 14, 9]}, "centroids": [[-65.93657309771515, 40.71968659944832, 0.0]]}, "mtl": 0, "lbl": "0.92", "lh": 65.0}, {"geom": {"triangles": {"v": [5.923854657448828, 11.571775541640818, 0.0, 28.861354657448828, -7.928224458359182, 0.0, 52.67385465744883, 28.571775541640818, 0.0, 26.923854657448828, -7.928224458359182, 0.0, 25.236354657448828, -7.928224458359182, 0.0, 23.236354657448828, -8.428224458359182, 0.0, 21.923854657448828, -8.428224458359182, 0.0, 19.986354657448828, -8.928224458359182, 0.0, 12.486354657448828, -10.928224458359182, 0.0, 30.736354657448828, -7.928224458359182, 0.0, 32.54885465744883, -8.428224458359182, 0.0, 34.04885465744883, -8.428224458359182, 0.0, 36.04885465744883, -9.428224458359182, 0.0, 37.79885465744883, -9.928224458359182, 0.0, 39.36135465744883, -10.928224458359182, 0.0, 40.67385465744883, -11.928224458359182, 0.0, 42.04885465744883, -12.928224458359182, 0.0, 43.36135465744883, -14.428224458359182, 0.0, 71.04885465744883, -20.428224458359182, 0.0, 44.67385465744883, -15.928224458359182, 0.0, 45.73635465744883, -17.428224458359182, 0.0, 46.54885465744883, -18.928224458359182, 0.0, 47.54885465744883, -20.928224458359182, 0.0, 60.23635465744883, -24.428224458359182, 0.0, 48.04885465744883, -22.428224458359182, 0.0, 48.48635465744883, -24.428224458359182, 0.0, 48.98635465744883, -26.428224458359182, 0.0, 49.11135465744883, -28.428224458359182, 0.0, 62.73635465744883, -31.928224458359182, 0.0, 47.98635465744883, -33.42822445835918, 0.0], "f": [0, 1, 2, 0, 3, 1, 0, 4, 3, 0, 5, 4, 0, 6, 5, 0, 7, 6, 0, 8, 7, 1, 9, 2, 9, 10, 2, 10, 11, 2, 11, 12, 2, 12, 13, 2, 13, 14, 2, 14, 15, 2, 15, 16, 2, 16, 17, 2, 2, 17, 18, 18, 17, 19, 18, 19, 20, 18, 20, 21, 18, 21, 22, 22, 23, 18, 23, 22, 24, 23, 24, 25, 23, 25, 26, 26, 27, 23, 23, 27, 28, 27, 29, 28]}, "centroids": [[41.21210927341599, 0.15775333531200886, 0.0]]}, "mtl": 0, "lbl": "0.45", "lh": 65.0}, {"geom": {"triangles": {"v": [5.361354657448828, 14.071775541640818, 0.0, -29.576145342551172, 4.071775541640818, 0.0, 5.923854657448828, 11.571775541640818, 0.0, -22.513645342551172, -21.428224458359182, 0.0, 12.486354657448828, -10.928224458359182, 0.0, 12.611354657448828, -11.928224458359182, 0.0], "f": [0, 1, 2, 2, 1, 3, 4, 2, 3, 4, 3, 5]}, "centroids": [[-8.53029920742847, -3.802276053465903, 0.0]]}, "mtl": 0, "lbl": "0.55", "lh": 65.0}, {"geom": {"triangles": {"v": [-92.26364534255117, 34.57177554164082, 0.0, -107.63864534255117, 32.57177554164082, 0.0, -89.76364534255117, 6.071775541640818, 0.0, -100.82614534255117, -42.42822445835918, 0.0, -83.63864534255117, -11.428224458359182, 0.0, -88.38864534255117, 6.571775541640818, 0.0, -71.45114534255117, -33.92822445835918, 0.0, -67.76364534255117, -30.928224458359182, 0.0, -69.70114534255117, -7.428224458359182, 0.0, -63.45114534255117, -29.428224458359182, 0.0, -67.26364534255117, -32.42822445835918, 0.0], "f": [0, 1, 2, 1, 3, 2, 2, 3, 4, 5, 2, 4, 4, 3, 6, 4, 6, 7, 8, 4, 7, 8, 7, 9, 7, 6, 10]}, "centroids": [[-90.28793987922836, -9.321644588373601, 0.0]]}, "mtl": 0, "lbl": "0.95", "lh": 65.0}, {"geom": {"triangles": {"v": [-67.26364534255117, -32.42822445835918, 0.0, -71.45114534255117, -33.92822445835918, 0.0, -60.32614534255117, -72.92822445835918, 0.0, -34.01364534255117, -65.42822445835918, 0.0, -44.70114534255117, -27.928224458359182, 0.0, -63.45114534255117, -29.428224458359182, 0.0, -69.70114534255117, -7.428224458359182, 0.0, -38.01364534255117, 1.5717755416408181, 0.0, -30.763645342551172, -23.928224458359182, 0.0, -67.76364534255117, -30.928224458359182, 0.0], "f": [0, 1, 2, 0, 2, 3, 3, 4, 0, 4, 5, 0, 6, 5, 4, 7, 6, 4, 7, 4, 8, 9, 0, 5]},